<DATE_TIME>,event_id,forecast_value,actual_value,impact_type
2024-01-02 11:15:00,724500001,45700000,46200000,1
2024-01-02 11:45:00,380500001,44600000,45300000,1
2024-01-02 11:50:00,250500001,42000000,42100000,1
2024-01-02 11:55:00,276500001,43100000,43300000,1
2024-01-02 12:00:00,999010018,-800000,-900000,2
2024-01-02 12:00:00,999010019,400000,500000,1
2024-01-02 12:00:00,999010026,200000,0,2
2024-01-02 12:00:00,999500001,44200000,44400000,1
2024-01-03 11:55:00,276060001,-9000000,5000000,2
2024-01-03 11:55:00,276060002,5800000,5900000,2
2024-01-03 11:55:00,276060003,2619000,2637000,2
2024-01-03 11:55:00,276060004,2727000,2703000,1
2024-01-04 10:45:00,250010001,600000,100000,2
2024-01-04 10:45:00,250010002,3600000,3700000,1
2024-01-04 10:45:00,250010003,-100000,100000,1
2024-01-04 10:45:00,250010004,4000000,4100000,1
2024-01-04 11:15:00,724500002,51100000,51500000,1
2024-01-04 11:45:00,380500002,48600000,49800000,1
2024-01-04 11:50:00,250500002,44300000,45700000,1
2024-01-04 11:50:00,250500003,43700000,44800000,1
2024-01-04 11:55:00,276500002,48400000,47400000,2
2024-01-04 11:55:00,276500003,46700000,47400000,1
2024-01-04 12:00:00,999500002,48100000,48800000,1
2024-01-04 12:00:00,999500003,47000000,47600000,1
2024-01-04 16:00:00,276010020,-200000,100000,1
2024-01-04 16:00:00,276010021,3200000,3700000,1
2024-01-04 16:00:00,276010022,-400000,200000,1
2024-01-04 16:00:00,276010023,2400000,3800000,1
2024-01-05 10:00:00,276010016,100000,-2500000,2
2024-01-05 10:00:00,276010017,-900000,-2400000,2
2024-01-05 12:00:00,380010024,7300000,5000000,2
2024-01-05 13:00:00,999030005,100000,-300000,2
2024-01-05 13:00:00,999030006,-4700000,-8800000,2
2024-01-05 13:00:00,999030010,-400000,400000,1
2024-01-05 13:00:00,999030011,-100000,200000,1
2024-01-05 13:00:00,999030013,1900000,2900000,1
2024-01-05 13:00:00,999030024,-400000,300000,1
2024-01-05 13:00:00,999030025,4100000,3900000,2
2024-01-08 10:00:00,276010001,300000,3700000,1
2024-01-08 10:00:00,276010002,700000,1900000,2
2024-01-08 10:00:00,276010007,17100000,20400000,1
2024-01-08 10:00:00,276010025,15700000,22000000,1
2024-01-08 10:00:00,276010018,400000,300000,2
2024-01-08 10:00:00,276010019,-5800000,-4400000,1
2024-01-08 12:30:00,999060001,-25000000,-15800000,1
2024-01-08 13:00:00,999040003,-9400000,-9200000,1
2024-01-08 13:00:00,999040004,4700000,8400000,1
2024-01-08 13:00:00,999040005,93400000,96400000,1
2024-01-08 13:00:00,999040006,-15100000,-15000000,1
2024-01-08 13:00:00,999040007,18000000,10500000,2
2024-01-08 13:00:00,999040008,1600000,3200000,1
2024-01-08 13:00:00,999030003,100000,-300000,2
2024-01-08 13:00:00,999030004,-2000000,-1100000,1
2024-01-08 14:00:00,724080001,-13900000,-6800000,1
2024-01-09 10:00:00,276010010,-100000,-700000,2
2024-01-09 10:00:00,276010011,-3600000,-4800000,2
2024-01-09 10:45:00,250050003,-8814000,-5943000,1
2024-01-09 12:00:00,380010022,7600000,7500000,1
2024-01-09 13:00:00,999030020,6600000,6400000,1
2024-01-10 10:45:00,250010009,0,500000,1
2024-01-10 12:00:00,380010014,-200000,400000,1
2024-01-10 12:00:00,380010015,2300000,1500000,2
2024-01-11 12:00:00,380010005,700000,-1500000,2
2024-01-11 12:00:00,380010006,700000,-3100000,2
2024-01-11 16:30:00,276010024,21700000,30800000,1
2024-01-12 10:45:00,250010008,100000,700000,1
2024-01-15 10:00:00,276010012,-100000,-600000,2
2024-01-15 10:00:00,276010013,-3300000,-2600000,1
2024-01-15 12:00:00,380010007,2890000,3889000,1
2024-01-15 13:00:00,999030007,100000,-300000,2
2024-01-15 13:00:00,999030008,-5500000,-6800000,2
2024-01-15 13:00:00,999030018,10100000,14800000,1
2024-01-15 13:00:00,999030019,6700000,20300000,1
2024-01-16 12:00:00,380010004,600000,500000,2
2024-01-16 12:00:00,380010025,-100000,200000,1
2024-01-17 13:00:00,999030010,400000,500000,1
2024-01-17 13:00:00,999030021,-400000,200000,1
2024-01-17 13:00:00,999030022,1100000,2800000,1
2024-01-18 12:00:00,999010016,8900000,24600000,1
2024-01-18 12:00:00,724070001,-4630000,-2426000,1
2024-01-18 13:00:00,999030014,-200000,-1000000,2
2024-01-18 13:00:00,999030015,-100000,-2200000,2
2024-01-19 10:00:00,276010014,-200000,-1200000,2
2024-01-19 10:00:00,276010015,-300000,-8600000,2
2024-01-23 18:00:00,999040006,-14100000,-16100000,2
2024-01-24 11:15:00,250500001,41700000,43200000,1
2024-01-24 11:15:00,250500002,45300000,45000000,2
2024-01-24 11:30:00,276500001,42600000,45400000,1
2024-01-24 11:30:00,276500002,48500000,47600000,2
2024-01-24 11:30:00,276500003,47700000,47100000,2
2024-01-24 12:00:00,999500001,43300000,46600000,1
2024-01-24 12:00:00,999500002,49600000,48400000,2
2024-01-25 10:45:00,250010013,98000000,99000000,1
2024-01-25 12:30:00,276030001,84300000,83500000,2
2024-01-25 12:30:00,276030002,87300000,87000000,2
2024-01-25 14:00:00,250040001,2798800000,2825200000,2
2024-01-26 10:45:00,250010007,88000000,91000000,1
2024-01-26 12:00:00,999010018,-1500000,100000,1
2024-01-26 12:00:00,999010026,700000,400000,2
2024-01-26 12:00:00,999010027,900000,500000,2
2024-01-30 09:30:00,250010005,-100000,0,1
2024-01-30 09:30:00,250010006,500000,700000,1
2024-01-30 09:30:00,250010008,-100000,300000,1
2024-01-30 12:00:00,380010020,400000,200000,2
2024-01-30 12:00:00,380010021,600000,500000,2
2024-01-30 12:00:00,276010008,0,-300000,2
2024-01-30 12:00:00,276010009,-800000,-400000,1
2024-01-30 13:00:00,999040003,-8800000,-9400000,2
2024-01-30 13:00:00,999040004,5800000,8800000,1
2024-01-30 13:00:00,999040005,97400000,96200000,2
2024-01-30 13:00:00,999040007,15000000,11900000,2
2024-01-30 13:00:00,999040008,4000000,4600000,1
2024-01-30 13:00:00,999030016,-100000,0,1
2024-01-30 13:00:00,999030017,0,100000,1
2024-01-30 13:00:00,380010016,500000,-900000,2
2024-01-30 13:00:00,380010017,-8800000,-16000000,2
2024-01-30 14:57:00,724080001,-7700000,-5600000,1
2024-01-31 10:00:00,276010003,200000,-1100000,1
2024-01-31 10:00:00,276010004,-10100000,-8500000,2
2024-01-31 10:00:00,276010005,-100000,-200000,2
2024-01-31 10:00:00,276010006,300000,-2400000,2
2024-01-31 10:00:00,276010016,-500000,-1600000,2
2024-01-31 10:00:00,276010017,-1300000,-1700000,2
2024-01-31 10:45:00,250010001,-100000,-200000,2
2024-01-31 10:45:00,250010002,3600000,3100000,2
2024-01-31 10:45:00,250010003,100000,-200000,2
2024-01-31 10:45:00,250010004,4400000,3400000,2
2024-01-31 10:45:00,250010010,-700000,100000,1
2024-01-31 11:55:00,276060001,16000000,-2000000,1
2024-01-31 11:55:00,276060002,6000000,5800000,1
2024-01-31 11:55:00,276060003,2705000,2805000,2
2024-01-31 11:55:00,276060004,2729000,2694000,1
2024-01-31 12:00:00,724040001,3449000,2770000,2
2024-01-31 12:00:00,380010022,7600000,7200000,1
2024-01-31 14:00:00,380010012,0,-1000000,2
2024-01-31 14:00:00,380010013,-5400000,-3400000,1
2024-01-31 16:00:00,276010020,300000,200000,2
2024-01-31 16:00:00,276010021,3300000,2900000,2
2024-01-31 16:00:00,276010022,500000,-200000,2
2024-01-31 16:00:00,276010023,3900000,3100000,2
2024-02-01 11:15:00,724500001,46700000,49200000,1
2024-02-01 11:45:00,380500001,46100000,48500000,1
2024-02-01 11:50:00,250500001,43200000,43100000,2
2024-02-01 11:55:00,276500001,45400000,45500000,1
2024-02-01 13:00:00,999030010,200000,-900000,2
2024-02-01 13:00:00,999030011,0,-400000,2
2024-02-01 13:00:00,999030012,3200000,3300000,1
2024-02-01 13:00:00,999030024,-100000,-600000,2
2024-02-01 13:00:00,380010001,100000,300000,1
2024-02-01 13:00:00,380010002,-300000,800000,1
2024-02-01 13:00:00,380010003,-500000,-1100000,2
2024-02-01 13:00:00,380010004,-1400000,900000,1
2024-02-02 10:45:00,250010009,800000,1100000,1
2024-02-05 10:00:00,276010001,-2100000,-4600000,2
2024-02-05 10:00:00,276010002,-2100000,-6700000,1
2024-02-05 10:00:00,276010007,15100000,22200000,1
2024-02-05 10:00:00,276010025,18000000,16700000,2
2024-02-05 11:15:00,724500002,50500000,52100000,1
2024-02-05 11:45:00,380500002,49900000,51200000,1
2024-02-05 11:50:00,250500002,45000000,45400000,1
2024-02-05 11:50:00,250500003,44200000,44600000,1
2024-02-05 11:55:00,276500002,47600000,47700000,1
2024-02-05 11:55:00,276500003,47100000,47700000,1
2024-02-05 12:30:00,999060001,-17000000,-129000000,2
2024-02-05 13:00:00,999030005,200000,-800000,2
2024-02-05 13:00:00,999030006,-7900000,-10600000,2
2024-02-06 10:00:00,276010018,600000,8900000,1
2024-02-06 10:00:00,276010019,-300000,2700000,1
2024-02-06 12:00:00,380010018,94600000,88300000,2
2024-02-06 12:00:00,380010019,108000000,96400000,2
2024-02-06 13:00:00,999030003,300000,-1100000,2
2024-02-06 13:00:00,999030004,-1200000,-800000,1
2024-02-07 10:00:00,276010010,-300000,-1600000,2
2024-02-07 10:00:00,276010011,-4300000,-3100000,1
2024-02-07 10:45:00,250050003,-6778000,-6829000,2
2024-02-07 10:45:00,250010012,300000,0,2
2024-02-07 12:00:00,380010014,200000,-100000,2
2024-02-07 12:00:00,380010015,1600000,300000,2
2024-02-09 12:00:00,380010005,-500000,1100000,1
2024-02-09 12:00:00,380010006,-2700000,-2100000,1
2024-02-13 09:30:00,250010014,7000000,7500000,2
2024-02-13 16:30:00,276010024,25600000,31400000,1
2024-02-14 13:00:00,999030007,400000,2600000,1
2024-02-14 13:00:00,999030008,-6200000,1200000,1
2024-02-15 11:00:00,724010001,0,100000,1
2024-02-15 11:00:00,724010002,3100000,3400000,1
2024-02-15 11:00:00,724010003,0,-200000,2
2024-02-15 11:00:00,724010004,3300000,3500000,1
2024-02-15 12:00:00,380010007,-469000,5614000,1
2024-02-15 13:00:00,999030018,13900000,13000000,2
2024-02-15 13:00:00,999030019,10800000,16800000,1
2024-02-16 10:00:00,276010012,-200000,100000,1
2024-02-16 10:00:00,276010013,-2400000,-2700000,2
2024-02-19 12:00:00,724070001,-3428000,-3402000,1
2024-02-20 12:00:00,999010016,25800000,31900000,1
2024-02-20 13:00:00,999030014,500000,800000,1
2024-02-20 13:00:00,999030015,-900000,1900000,1
2024-02-21 18:00:00,999040006,-17200000,-15500000,1
2024-02-22 10:45:00,250010013,98000000,100000000,1
2024-02-22 11:15:00,250500001,43200000,46800000,1
2024-02-22 11:15:00,250500002,44900000,48000000,1
2024-02-22 11:15:00,250500003,44100000,47700000,1
2024-02-22 11:30:00,276500001,46700000,42300000,2
2024-02-22 11:30:00,276500002,49100000,48200000,2
2024-02-22 11:30:00,276500003,48200000,46100000,2
2024-02-22 12:00:00,380010025,100000,300000,1
2024-02-22 12:00:00,380010026,2100000,800000,2
2024-02-22 12:00:00,999500001,45100000,46100000,1
2024-02-22 12:00:00,999500002,48400000,50000000,1
2024-02-22 12:00:00,999500003,48600000,48900000,1
2024-02-22 13:00:00,999030021,500000,-400000,2
2024-02-22 13:00:00,999030022,2000000,2700000,1
2024-02-23 12:30:00,276030001,82400000,84100000,1
2024-02-23 12:30:00,276030002,85500000,86900000,1
2024-02-23 12:30:00,276030003,85300000,85500000,1
2024-02-26 11:00:00,724010008,-6100000,-3800000,1
2024-02-27 10:00:00,276040001,-65100000,-29000000,1
2024-02-27 10:45:00,250010007,93000000,89000000,2
2024-02-27 12:00:00,999010018,300000,100000,2
2024-02-27 12:00:00,999010019,100000,300000,1
2024-02-27 12:00:00,999010026,1100000,200000,2
2024-02-27 12:00:00,999010027,1100000,400000,2
2024-02-28 12:00:00,380010018,87800000,87300000,2
2024-02-28 12:00:00,380010019,93100000,97000000,1
2024-02-28 13:00:00,999040003,-9300000,-9500000,2
2024-02-28 13:00:00,999040004,5700000,6000000,1
2024-02-28 13:00:00,999040005,97100000,95400000,2
2024-02-28 13:00:00,999040007,14700000,15500000,1
2024-02-28 13:00:00,999040008,7600000,3800000,2
2024-02-28 15:14:00,724080001,-2600000,-4500000,2
2024-02-29 10:00:00,276010016,600000,-400000,2
2024-02-29 10:00:00,276010017,-2000000,-1400000,1
2024-02-29 10:45:00,250010001,-300000,800000,1
2024-02-29 10:45:00,250010002,2600000,2900000,1
2024-02-29 10:45:00,250010003,0,900000,1
2024-02-29 10:45:00,250010004,2700000,3100000,1
2024-02-29 10:45:00,250010005,0,100000,1
2024-02-29 10:45:00,250010008,200000,-300000,2
2024-02-29 10:45:00,250010010,2100000,-1300000,2
2024-02-29 11:00:00,724010001,-100000,300000,1
2024-02-29 11:00:00,724010002,3200000,2800000,2
2024-02-29 11:00:00,724010003,-900000,400000,1
2024-02-29 11:00:00,724010004,3400000,2900000,2
2024-02-29 11:55:00,276060001,1000000,11000000,2
2024-02-29 11:55:00,276060002,5800000,5900000,2
2024-02-29 11:55:00,276060003,2783000,2814000,2
2024-02-29 11:55:00,276060004,2698000,2713000,2
2024-02-29 12:00:00,380010012,0,2100000,1
2024-02-29 12:00:00,380010013,-6200000,-100000,1
2024-02-29 12:00:00,724040001,3366000,1070000,2
2024-02-29 16:00:00,276010020,100000,400000,1
2024-02-29 16:00:00,276010021,2600000,2500000,2
2024-02-29 16:00:00,276010022,-200000,600000,1
2024-02-29 16:00:00,276010023,2600000,2700000,1
2024-03-01 11:15:00,724500001,49500000,51500000,1
2024-03-01 11:45:00,380500001,51000000,48700000,2
2024-03-01 11:50:00,250500001,46800000,47100000,1
2024-03-01 11:55:00,276500001,42300000,42500000,1
2024-03-01 12:00:00,380010022,7300000,7200000,1
2024-03-01 12:00:00,999500001,46100000,46500000,1
2024-03-01 13:00:00,380010002,400000,800000,1
2024-03-01 13:00:00,380010003,-100000,100000,1
2024-03-01 13:00:00,380010004,400000,900000,1
2024-03-04 12:30:00,999060001,-139100000,-27900000,1
2024-03-05 10:45:00,250010009,-200000,-1100000,2
2024-03-05 11:15:00,724500002,53200000,54700000,1
2024-03-05 11:45:00,380500002,49300000,52200000,1
2024-03-05 11:50:00,250500002,48000000,48400000,1
2024-03-05 11:50:00,250500003,47700000,48100000,1
2024-03-05 11:55:00,276500002,48200000,46300000,2
2024-03-05 11:55:00,276500003,46100000,46300000,1
2024-03-05 12:00:00,380010021,500000,600000,1
2024-03-05 12:00:00,999500002,50000000,50200000,1
2024-03-05 12:00:00,999500003,48900000,49200000,1
2024-03-05 13:00:00,999030005,-200000,-900000,2
2024-03-05 13:00:00,999030006,-3200000,-8600000,2
2024-03-06 10:00:00,276010001,300000,6300000,1
2024-03-06 10:00:00,276010002,-2000000,3600000,2
2024-03-06 10:00:00,276010007,23600000,27600000,1
2024-03-06 10:00:00,276010025,19800000,22500000,1
2024-03-07 10:00:00,276010018,2900000,-11300000,2
2024-03-07 10:00:00,276010019,-1300000,-6000000,2
2024-03-08 10:00:00,276010010,-600000,1000000,1
2024-03-08 10:00:00,276010014,-300000,200000,1
2024-03-08 10:00:00,276010015,-7100000,-4400000,1
2024-03-08 10:45:00,250050003,-5584000,-7388000,2
2024-03-08 11:00:00,724010007,-2100000,-600000,1
2024-03-08 12:00:00,380010016,0,-1700000,2
2024-03-08 12:00:00,380010017,-15500000,-10700000,1
2024-03-08 13:00:00,999030002,1300000,1200000,2
2024-03-11 11:00:00,724010009,5100000,300000,2
2024-03-13 10:00:00,276010012,-200000,-100000,1
2024-03-13 10:00:00,276010013,-1300000,-3000000,2
2024-03-13 12:00:00,380010023,7600000,7400000,1
2024-03-13 13:00:00,999030007,1600000,-3200000,2
2024-03-13 13:00:00,999030008,-2100000,-6700000,2
2024-03-14 11:00:00,724010001,300000,400000,1
2024-03-14 16:30:00,276010024,32100000,29700000,2
2024-03-15 10:45:00,250010001,800000,900000,1
2024-03-15 10:45:00,250010002,2900000,3000000,1
2024-03-15 10:45:00,250010004,3100000,3200000,1
2024-03-15 12:00:00,380010003,100000,0,2
2024-03-15 12:00:00,380010004,900000,800000,2
2024-03-15 12:00:00,380010025,300000,0,2
2024-03-15 12:00:00,380010026,-2500000,700000,1
2024-03-15 13:00:00,380010014,0,-100000,2
2024-03-15 13:00:00,380010015,1200000,1000000,2
2024-03-15 14:00:00,380010007,2065000,2655000,1
2024-03-18 13:00:00,999030018,15000000,28100000,1
2024-03-18 13:00:00,999030019,-2300000,11400000,1
2024-03-19 13:00:00,999030009,5200000,3400000,2
2024-03-19 13:00:00,999030023,5400000,3100000,2
2024-03-20 10:00:00,276010015,-2700000,-4100000,2
2024-03-20 12:00:00,380010005,100000,-1200000,2
2024-03-20 12:00:00,380010006,-3600000,-3400000,1
2024-03-20 18:00:00,999040006,-14600000,-14900000,2
2024-03-21 10:45:00,250010013,98000000,102000000,1
2024-03-21 11:15:00,250500001,46100000,45800000,2
2024-03-21 11:15:00,250500002,47200000,47800000,1
2024-03-21 11:15:00,250500003,47000000,47700000,1
2024-03-21 11:30:00,276500001,38100000,41600000,1
2024-03-21 11:30:00,276500002,47400000,49800000,1
2024-03-21 11:30:00,276500003,47100000,47400000,1
2024-03-21 12:00:00,999010016,30300000,39400000,1
2024-03-21 12:00:00,999500001,47100000,45700000,2
2024-03-21 12:00:00,999500002,49800000,51100000,1
2024-03-21 12:00:00,999500003,49800000,49900000,1
2024-03-22 10:00:00,276010003,-100000,-1300000,1
2024-03-22 10:00:00,276010004,-13000000,-5600000,2
2024-03-22 10:00:00,276010005,-100000,-300000,2
2024-03-22 10:00:00,276010006,-2300000,1700000,1
2024-03-22 12:30:00,276030001,82700000,87500000,1
2024-03-22 12:30:00,276030002,86800000,88100000,1
2024-03-22 12:30:00,276030003,86300000,87800000,1
2024-03-25 11:00:00,724010008,-2800000,-8200000,2
2024-03-26 11:00:00,724010005,200000,600000,1
2024-03-26 11:00:00,724010006,1900000,2000000,1
2024-03-27 10:45:00,250010007,89000000,91000000,1
2024-03-27 12:00:00,724040001,2866000,5130000,1
2024-03-27 13:00:00,999040003,-9100000,-8800000,1
2024-03-27 13:00:00,999040004,5600000,6300000,1
2024-03-27 13:00:00,999040005,94200000,96300000,1
2024-03-27 13:00:00,999040007,15300000,12300000,2
2024-03-27 13:00:00,999040008,4800000,5600000,1
2024-03-27 15:00:00,724080001,-5800000,-5400000,1
2024-03-28 10:00:00,276010016,-700000,-1900000,2
2024-03-28 10:00:00,276010017,2300000,-2700000,2
2024-03-28 11:55:00,276060002,5800000,5900000,2
2024-03-28 11:55:00,276060003,2781000,2769000,1
2024-03-28 11:55:00,276060004,2729000,2719000,1
2024-03-28 12:00:00,999010018,300000,400000,1
2024-03-28 12:00:00,999010019,200000,300000,1
2024-03-28 12:00:00,999010026,900000,400000,2
2024-03-28 12:00:00,999010027,1000000,700000,2
2024-03-28 12:00:00,380010018,89100000,88600000,2
2024-03-28 12:00:00,380010019,98500000,96500000,2
2024-03-28 14:00:00,380010016,-900000,-1000000,2
2024-03-28 14:00:00,380010017,-11100000,-10800000,1
2024-03-29 10:45:00,250010001,500000,200000,2
2024-03-29 10:45:00,250010002,3200000,2300000,2
2024-03-29 10:45:00,250010003,0,300000,1
2024-03-29 10:45:00,250010004,3300000,2400000,2
2024-03-29 10:45:00,250010008,-300000,0,1
2024-03-29 10:45:00,250010010,-2200000,-1700000,1
2024-03-29 13:00:00,380010001,-100000,100000,1
2024-03-29 13:00:00,380010002,200000,1300000,1
2024-03-29 13:00:00,380010003,900000,1200000,1
2024-03-29 13:00:00,380010004,500000,1300000,1
2024-04-02 10:15:00,724500001,52000000,51400000,2
2024-04-02 10:45:00,380500001,49700000,50400000,1
2024-04-02 10:50:00,250500001,45800000,46200000,1
2024-04-02 10:55:00,276500001,41600000,41900000,1
2024-04-02 11:00:00,999500001,45700000,46100000,1
2024-04-02 15:00:00,276010020,300000,400000,1
2024-04-02 15:00:00,276010021,2100000,2200000,1
2024-04-02 15:00:00,276010022,300000,600000,1
2024-04-02 15:00:00,276010023,1800000,2300000,1
2024-04-03 11:00:00,380010022,7200000,7500000,2
2024-04-04 10:15:00,724500002,56000000,56100000,1
2024-04-04 10:45:00,380500002,53300000,54600000,1
2024-04-04 10:50:00,250500002,47800000,48300000,1
2024-04-04 10:50:00,250500003,47700000,48300000,1
2024-04-04 10:55:00,276500002,49800000,50100000,1
2024-04-04 10:55:00,276500003,47400000,50100000,1
2024-04-04 11:00:00,999500002,51100000,51500000,1
2024-04-04 11:00:00,999500003,49900000,50300000,1
2024-04-05 09:00:00,276010003,-400000,-1200000,1
2024-04-05 09:00:00,276010004,-8300000,-7700000,2
2024-04-05 09:00:00,276010005,-200000,-300000,2
2024-04-05 09:00:00,276010006,-1300000,900000,1
2024-04-05 09:00:00,276010018,-5200000,200000,1
2024-04-05 09:00:00,276010019,-3700000,-10600000,2
2024-04-05 09:45:00,250010009,300000,200000,2
2024-04-05 12:00:00,380010024,3800000,5500000,1
2024-04-08 09:00:00,276010010,800000,2100000,1
2024-04-08 09:00:00,276010011,-5200000,-4900000,1
2024-04-08 09:00:00,276010001,2700000,-2000000,2
2024-04-08 09:00:00,276010002,1500000,3200000,2
2024-04-08 09:00:00,276010007,27100000,21400000,2
2024-04-08 11:30:00,999060001,-41000000,-5900000,1
2024-04-09 09:45:00,250050003,-5765000,-5244000,1
2024-04-10 11:00:00,380010015,500000,2400000,1
2024-04-11 11:00:00,380010005,-100000,100000,1
2024-04-11 11:00:00,380010006,-1700000,-3100000,2
2024-04-11 15:30:00,276010024,30100000,29800000,2
2024-04-12 09:45:00,250010003,300000,200000,2
2024-04-12 10:00:00,724010003,1300000,1400000,1
2024-04-12 10:00:00,724010004,3200000,3300000,1
2024-04-16 09:00:00,276010012,-200000,200000,1
2024-04-16 09:00:00,276010013,-1900000,-3000000,2
2024-04-16 11:00:00,380010001,100000,0,2
2024-04-16 11:00:00,380010002,1300000,1200000,2
2024-04-16 11:00:00,380010004,1300000,1200000,2
2024-04-16 11:00:00,380010025,0,100000,1
2024-04-16 11:00:00,380010026,900000,1200000,1
2024-04-16 12:00:00,380010007,3844000,6034000,1
2024-04-16 12:05:00,276070001,42700000,42900000,1
2024-04-16 12:05:00,276070002,-78700000,-79200000,2
2024-04-16 12:05:00,999050001,6000000,43900000,1
2024-04-16 13:30:00,724030001,72600000,82500000,1
2024-04-18 11:00:00,999010016,32000000,29500000,2
2024-04-18 12:00:00,999030015,0,-400000,2
2024-04-19 09:00:00,276010014,-400000,200000,1
2024-04-19 09:00:00,276010015,-1300000,-2900000,2
2024-04-19 11:00:00,724070001,-4465000,-2350000,1
2024-04-22 17:00:00,999040006,-13600000,-14700000,2
2024-04-23 10:15:00,250500001,43700000,44900000,1
2024-04-23 10:15:00,250500002,48100000,50500000,1
2024-04-23 10:15:00,250500003,47900000,49900000,1
2024-04-23 10:30:00,276500001,40500000,42200000,1
2024-04-23 10:30:00,276500002,48400000,53300000,1
2024-04-23 10:30:00,276500003,48700000,50500000,1
2024-04-23 11:00:00,999500001,45500000,45600000,1
2024-04-23 11:00:00,999500002,50800000,52900000,1
2024-04-23 11:00:00,999500003,50600000,51400000,1
2024-04-24 11:00:00,380010018,91100000,87600000,2
2024-04-24 11:00:00,380010019,96600000,95200000,2
2024-04-24 11:30:00,276030001,86700000,89900000,1
2024-04-24 11:30:00,276030002,89700000,88900000,2
2024-04-24 11:30:00,276030003,88800000,89400000,1
2024-04-25 10:00:00,724010008,-11100000,-8200000,1
2024-04-26 09:45:00,250010007,93000000,90000000,2
2024-04-26 10:00:00,724010009,900000,600000,2
2024-04-26 10:00:00,724010010,11230000,12290000,2
2024-04-26 11:00:00,999010018,800000,900000,1
2024-04-26 11:00:00,999010019,300000,200000,2
2024-04-26 11:00:00,999010026,-200000,400000,1
2024-04-26 11:00:00,999010027,300000,800000,1
2024-04-29 10:00:00,724010001,600000,700000,1
2024-04-29 10:00:00,724010002,3100000,3300000,1
2024-04-29 10:00:00,724010003,900000,600000,2
2024-04-29 10:00:00,724010004,3100000,3400000,1
2024-04-29 12:00:00,999040003,-8600000,-10500000,2
2024-04-29 12:00:00,999040004,4500000,6000000,1
2024-04-29 12:00:00,999040005,94900000,95600000,1
2024-04-29 12:00:00,999040007,8200000,11600000,1
2024-04-29 12:00:00,999040008,6000000,5400000,2
2024-04-29 14:19:00,724080001,-5400000,-3900000,1
2024-04-29 15:00:00,276010020,200000,500000,1
2024-04-29 15:00:00,276010021,2600000,2200000,2
2024-04-29 15:00:00,276010022,300000,600000,1
2024-04-29 15:00:00,276010023,3300000,2400000,2
2024-04-30 08:30:00,250010005,100000,200000,1
2024-04-30 08:30:00,250010006,400000,1100000,1
2024-04-30 08:30:00,250010008,-200000,400000,1
2024-04-30 09:00:00,276010016,200000,1800000,1
2024-04-30 09:00:00,276010017,1700000,300000,2
2024-04-30 09:00:00,276010003,-500000,-800000,1
2024-04-30 09:00:00,276010004,-7300000,-8600000,1
2024-04-30 09:00:00,276010006,-200000,-100000,1
2024-04-30 09:00:00,276010008,0,200000,1
2024-04-30 09:00:00,276010009,-300000,-900000,2
2024-04-30 09:45:00,250010001,400000,500000,1
2024-04-30 09:45:00,250010003,-400000,600000,1
2024-04-30 09:45:00,250010004,2200000,2400000,1
2024-04-30 09:45:00,250010010,-2200000,-200000,1
2024-04-30 10:00:00,724010005,500000,700000,1
2024-04-30 10:00:00,724010006,1700000,2400000,1
2024-04-30 10:55:00,276060001,7000000,10000000,2
2024-04-30 10:55:00,276060003,2778000,2750000,1
2024-04-30 10:55:00,276060004,2713000,2732000,2
2024-04-30 11:00:00,380010020,0,300000,1
2024-04-30 11:00:00,380010021,700000,600000,2
2024-04-30 11:00:00,724040001,3595000,1900000,2
2024-04-30 12:00:00,999030010,200000,700000,1
2024-04-30 12:00:00,999030011,1400000,600000,2
2024-04-30 12:00:00,999030012,2800000,2700000,2
2024-04-30 12:00:00,999030013,1700000,2400000,1
2024-04-30 12:00:00,999030016,100000,300000,1
2024-04-30 12:00:00,999030017,100000,400000,1
2024-04-30 12:00:00,999030024,1800000,600000,2
2024-04-30 12:00:00,999030025,2300000,2800000,1
2024-04-30 12:00:00,380010002,1800000,900000,2
2024-04-30 12:00:00,380010003,400000,600000,1
2024-04-30 12:00:00,380010004,2000000,1000000,2
2024-05-02 10:15:00,724500001,51100000,52200000,1
2024-05-02 10:45:00,380500001,49000000,47300000,2
2024-05-02 10:50:00,250500001,44900000,45300000,1
2024-05-02 10:55:00,276500001,42200000,42500000,1
2024-05-02 11:00:00,380010016,-1200000,-200000,1
2024-05-02 11:00:00,380010017,-7100000,-9600000,2
2024-05-02 11:00:00,999500001,45600000,45700000,1
2024-05-03 09:45:00,250010009,300000,-300000,2
2024-05-03 11:00:00,380010022,7100000,7200000,2
2024-05-03 12:00:00,999030020,6400000,6500000,2
2024-05-06 10:15:00,724500002,56900000,56200000,2
2024-05-06 10:45:00,380500002,54200000,54300000,1
2024-05-06 10:50:00,250500002,50500000,51300000,1
2024-05-06 10:50:00,250500003,49900000,50500000,1
2024-05-06 10:55:00,276500002,53300000,53200000,2
2024-05-06 10:55:00,276500003,50500000,50600000,1
2024-05-06 11:00:00,999500002,52900000,53300000,1
2024-05-06 11:00:00,999500003,51400000,51700000,1
2024-05-06 11:30:00,999060001,96600000,-3600000,2
2024-05-06 12:00:00,999030005,-600000,-400000,1
2024-05-06 12:00:00,999030006,-5600000,-7800000,2
2024-05-07 09:00:00,276010001,-5300000,900000,1
2024-05-07 09:00:00,276010002,-1700000,300000,2
2024-05-07 09:00:00,276010007,23300000,22200000,2
2024-05-07 09:00:00,276010018,100000,-400000,2
2024-05-07 09:00:00,276010019,-3900000,-1900000,1
2024-05-07 09:00:00,276010025,30400000,23900000,2
2024-05-07 09:45:00,250050003,-5284000,-5473000,2
2024-05-07 09:45:00,250010012,0,200000,1
2024-05-07 12:00:00,999030003,0,800000,1
2024-05-07 12:00:00,999030004,400000,700000,1
2024-05-08 09:00:00,276010010,0,-400000,2
2024-05-08 09:00:00,276010011,-4600000,-3300000,1
2024-05-08 10:00:00,724010007,-1100000,-1200000,2
2024-05-08 11:00:00,380010014,100000,0,2
2024-05-10 11:00:00,380010005,600000,-500000,2
2024-05-10 11:00:00,380010006,300000,-3500000,2
2024-05-13 13:30:00,724030001,82100000,84500000,1
2024-05-13 15:30:00,276010024,31000000,27600000,2
2024-05-14 12:05:00,276070001,46900000,47100000,1
2024-05-14 12:05:00,276070002,-81400000,-72300000,1
2024-05-14 12:05:00,999050001,-800000,47000000,1
2024-05-15 12:00:00,999030001,200000,300000,1
2024-05-15 12:00:00,999030002,1100000,1000000,2
2024-05-15 12:00:00,999030007,200000,600000,1
2024-05-15 12:00:00,999030008,-1800000,-1000000,1
2024-05-16 11:00:00,380010001,200000,100000,2
2024-05-16 11:00:00,380010002,900000,800000,2
2024-05-16 11:00:00,380010003,600000,500000,2
2024-05-16 11:00:00,380010004,1000000,900000,2
2024-05-16 11:00:00,380010025,100000,-100000,2
2024-05-16 11:00:00,380010026,1200000,800000,2
2024-05-16 12:00:00,380010007,5805000,4341000,2
2024-05-17 08:30:00,250010014,7300000,7500000,2
2024-05-17 12:00:00,999030021,1100000,600000,2
2024-05-17 12:00:00,999030022,2700000,2300000,2
2024-05-20 11:00:00,724070001,-3473000,-2026000,1
2024-05-21 09:00:00,276010014,-200000,200000,1
2024-05-21 09:00:00,276010015,-2400000,-3300000,2
2024-05-21 11:00:00,999010016,33600000,35800000,1
2024-05-21 12:00:00,999030014,400000,100000,2
2024-05-21 12:00:00,999030015,-600000,100000,1
2024-05-21 12:00:00,999030018,16500000,17300000,1
2024-05-21 12:00:00,999030019,22900000,24100000,1
2024-05-23 10:15:00,250500001,44800000,46700000,1
2024-05-23 10:15:00,250500002,50900000,49400000,2
2024-05-23 10:15:00,250500003,49000000,49100000,1
2024-05-23 10:30:00,276500001,40700000,45400000,1
2024-05-23 10:30:00,276500002,50700000,53900000,1
2024-05-23 10:30:00,276500003,51800000,52200000,1
2024-05-23 11:00:00,999500001,45600000,47400000,1
2024-05-23 11:00:00,999500003,51700000,52300000,1
2024-05-23 17:00:00,999040006,-14100000,-14300000,2
2024-05-24 10:00:00,724010008,-11200000,-6600000,1
2024-05-27 11:30:00,276030001,92000000,90400000,2
2024-05-27 11:30:00,276030002,88800000,88300000,2
2024-05-27 11:30:00,276030003,89900000,89300000,2
2024-05-28 09:00:00,276010012,-200000,400000,1
2024-05-28 09:00:00,276010013,-3600000,-1800000,1
2024-05-29 09:00:00,276040001,-24200000,-20900000,1
2024-05-29 09:45:00,250010007,91000000,90000000,2
2024-05-29 10:00:00,724010009,-500000,300000,1
2024-05-29 11:00:00,999010018,2000000,1300000,2
2024-05-29 11:00:00,999010019,300000,200000,2
2024-05-29 11:00:00,999010026,200000,300000,1
2024-05-29 11:00:00,999010027,1300000,900000,2
2024-05-29 11:00:00,380010018,85100000,88400000,1
2024-05-29 11:00:00,380010019,90200000,96400000,1
2024-05-29 15:00:00,276010020,300000,100000,2
2024-05-29 15:00:00,276010021,2100000,2400000,1
2024-05-29 15:00:00,276010022,100000,200000,1
2024-05-29 15:00:00,276010023,1700000,2800000,1
2024-05-30 10:00:00,724010001,600000,300000,2
2024-05-30 10:00:00,724010002,3100000,3600000,1
2024-05-30 10:00:00,724010003,-300000,200000,1
2024-05-30 10:00:00,724010004,3500000,3800000,1
2024-05-30 11:00:00,380010022,7100000,6900000,1
2024-05-30 12:00:00,999040003,-10600000,-9900000,1
2024-05-30 12:00:00,999040004,3700000,6500000,1
2024-05-30 12:00:00,999040005,94900000,96000000,1
2024-05-30 12:00:00,999040007,10300000,12500000,1
2024-05-30 12:00:00,999040008,6100000,6400000,1
2024-05-30 12:00:00,380010016,-1000000,-900000,1
2024-05-30 12:00:00,380010017,-9200000,-5900000,1
2024-05-30 12:00:00,999030020,6500000,6400000,1
2024-05-30 14:04:00,724080001,-2700000,-6300000,2
2024-05-31 08:30:00,250010012,200000,300000,1
2024-05-31 09:00:00,276010004,-7300000,-10800000,1
2024-05-31 09:00:00,276010005,-200000,-300000,2
2024-05-31 09:00:00,276010006,600000,-2000000,2
2024-05-31 09:00:00,276010016,500000,-1200000,2
2024-05-31 09:00:00,276010017,1600000,-600000,2
2024-05-31 09:45:00,250010002,1800000,2200000,1
2024-05-31 09:45:00,250010003,100000,200000,1
2024-05-31 09:45:00,250010004,1900000,2700000,1
2024-05-31 09:45:00,250010008,100000,-800000,2
2024-05-31 09:45:00,250010010,-7400000,-3600000,1
2024-05-31 11:00:00,380010021,600000,700000,1
2024-05-31 11:00:00,724040001,2647000,3290000,1
2024-05-31 12:00:00,380010001,100000,200000,1
2024-05-31 12:00:00,380010002,900000,800000,2
2024-05-31 12:00:00,380010003,900000,200000,2
2024-05-31 12:00:00,380010004,200000,800000,1
2024-05-31 12:00:00,999030010,300000,400000,1
2024-05-31 12:00:00,999030011,100000,200000,1
2024-05-31 12:00:00,999030012,2600000,2900000,1
2024-05-31 12:00:00,999030013,2500000,2600000,1
2024-05-31 12:00:00,999030024,500000,400000,2
2024-05-31 12:00:00,999030025,2600000,2900000,1
2024-06-03 10:15:00,724500001,51200000,54000000,1
2024-06-03 10:45:00,380500001,46100000,45600000,2
2024-06-03 10:50:00,250500001,46700000,46400000,2
2024-06-03 11:00:00,999500001,47400000,47300000,2
2024-06-04 10:00:00,724050001,-17546000,-58650000,1
2024-06-04 10:55:00,276060001,7000000,25000000,2
2024-06-04 10:55:00,276060002,6000000,5900000,1
2024-06-04 10:55:00,276060003,2749000,2723000,1
2024-06-04 10:55:00,276060004,2740000,2762000,2
2024-06-05 09:45:00,250010009,400000,500000,1
2024-06-05 10:15:00,724500002,56400000,56900000,1
2024-06-05 10:45:00,380500002,52800000,54200000,1
2024-06-05 10:50:00,250500002,49400000,48900000,2
2024-06-05 10:50:00,250500003,49100000,48900000,2
2024-06-05 10:55:00,276500002,53900000,54200000,1
2024-06-05 10:55:00,276500003,52200000,52400000,1
2024-06-05 11:00:00,999500002,53300000,53200000,2
2024-06-05 11:00:00,999500003,52300000,52200000,2
2024-06-05 12:00:00,999030005,-200000,-1000000,2
2024-06-05 12:00:00,999030006,-6200000,-5700000,1
2024-06-06 09:00:00,276010018,5600000,-200000,2
2024-06-06 09:00:00,276010019,-3300000,-1600000,1
2024-06-06 10:00:00,724010007,700000,800000,1
2024-06-06 11:00:00,380010014,0,-100000,2
2024-06-06 11:00:00,380010015,2200000,-1900000,2
2024-06-06 12:00:00,999030003,100000,-500000,2
2024-06-06 12:00:00,999030004,1200000,0,2
2024-06-07 09:00:00,276010010,200000,-100000,2
2024-06-07 09:00:00,276010011,-2700000,-3900000,2
2024-06-07 09:00:00,276010001,2700000,1600000,2
2024-06-07 09:00:00,276010002,2500000,2000000,1
2024-06-07 09:00:00,276010007,22300000,22000000,2
2024-06-07 09:00:00,276010025,17800000,23500000,1
2024-06-07 09:45:00,250050003,-3856000,-7579000,2
2024-06-10 11:00:00,380010005,-100000,-1000000,2
2024-06-10 11:00:00,380010006,-2000000,-2900000,2
2024-06-10 11:30:00,999060001,58800000,3000000,2
2024-06-12 15:30:00,276010024,29100000,25900000,2
2024-06-13 09:00:00,276010012,-100000,100000,1
2024-06-13 09:00:00,276010013,-400000,-700000,2
2024-06-13 11:00:00,380010023,7500000,7200000,1
2024-06-13 12:00:00,999030007,-200000,-100000,1
2024-06-13 12:00:00,999030008,-1400000,-3000000,2
2024-06-14 09:45:00,250010002,2200000,2300000,1
2024-06-14 09:45:00,250010003,200000,100000,2
2024-06-14 09:45:00,250010004,2700000,2600000,2
2024-06-14 11:00:00,380010007,4415000,4807000,1
2024-06-14 12:00:00,999030018,22500000,19400000,2
2024-06-14 12:00:00,999030019,19100000,15000000,2
2024-06-17 11:00:00,380010025,100000,200000,1
2024-06-17 11:00:00,380010026,1000000,800000,2
2024-06-17 11:00:00,724070001,-3354000,-4656000,2
2024-06-17 12:00:00,999030009,4400000,5100000,1
2024-06-17 12:00:00,999030023,4300000,5300000,1
2024-06-18 12:00:00,999030021,300000,200000,2
2024-06-18 12:00:00,999030022,3400000,2500000,2
2024-06-18 12:05:00,276070001,49200000,47500000,2
2024-06-18 12:05:00,276070002,-70100000,-73800000,2
2024-06-18 12:05:00,999050001,49200000,51300000,1
2024-06-19 11:00:00,999010016,35800000,38600000,1
2024-06-19 12:00:00,999030014,300000,-200000,2
2024-06-19 12:00:00,999030015,-400000,-1100000,2
2024-06-20 09:00:00,276010014,-100000,0,1
2024-06-20 09:00:00,276010015,-3400000,-2200000,1
2024-06-20 17:00:00,999040006,-13700000,-14000000,2
2024-06-21 09:45:00,250010013,100000000,99000000,2
2024-06-21 10:15:00,250500001,44500000,45300000,1
2024-06-21 10:15:00,250500002,49100000,48800000,2
2024-06-21 10:15:00,250500003,49000000,48200000,2
2024-06-21 10:30:00,276500001,46600000,43400000,2
2024-06-21 10:30:00,276500002,52300000,53500000,1
2024-06-21 10:30:00,276500003,51700000,50600000,2
2024-06-21 11:00:00,999500001,47800000,45600000,2
2024-06-21 11:00:00,999500002,52400000,52600000,1
2024-06-21 11:00:00,999500003,51700000,50800000,2
2024-06-24 11:30:00,276030001,91400000,89000000,2
2024-06-24 11:30:00,276030002,86600000,88300000,1
2024-06-24 11:30:00,276030003,89500000,88600000,2
2024-06-25 10:00:00,724010005,700000,800000,1
2024-06-25 10:00:00,724010006,2400000,2500000,1
2024-06-25 10:00:00,724010008,-8000000,-4600000,1
2024-06-26 09:00:00,276040001,-21700000,-21800000,2
2024-06-27 10:00:00,724010009,400000,200000,2
2024-06-27 11:00:00,999010018,1800000,1600000,2
2024-06-27 11:00:00,999010019,200000,300000,1
2024-06-27 11:00:00,999010027,1400000,800000,2
2024-06-27 11:00:00,380010018,89400000,86800000,2
2024-06-27 11:00:00,380010019,102500000,98300000,2
2024-06-27 12:00:00,999040003,-10500000,-10100000,1
2024-06-27 12:00:00,999040004,5200000,6500000,1
2024-06-27 12:00:00,999040005,96600000,95900000,2
2024-06-27 12:00:00,999040007,16100000,13100000,2
2024-06-27 12:00:00,999040008,6500000,6100000,2
2024-06-27 12:00:00,380010016,-700000,100000,1
2024-06-27 12:00:00,380010017,-4800000,-1500000,1
2024-06-27 13:55:00,724080001,-7300000,-5700000,1
2024-06-28 09:00:00,276010003,-700000,400000,2
2024-06-28 09:00:00,276010004,-7900000,-12900000,1
2024-06-28 09:00:00,276010005,-200000,0,1
2024-06-28 09:00:00,276010006,0,-3600000,2
2024-06-28 09:45:00,250010001,500000,0,2
2024-06-28 09:45:00,250010002,2000000,2100000,1
2024-06-28 09:45:00,250010003,400000,100000,2
2024-06-28 09:45:00,250010004,2200000,2500000,1
2024-06-28 09:45:00,250010008,-300000,1500000,1
2024-06-28 09:45:00,250010010,-1500000,-1400000,1
2024-06-28 10:00:00,724010001,-100000,300000,1
2024-06-28 10:00:00,724010002,4000000,3400000,2
2024-06-28 10:00:00,724010003,-200000,300000,1
2024-06-28 10:00:00,724010004,3600000,3500000,2
2024-06-28 10:55:00,276060001,10000000,19000000,2
2024-06-28 10:55:00,276060002,5900000,6000000,2
2024-06-28 10:55:00,276060003,2743000,2727000,1
2024-06-28 10:55:00,276060004,2774000,2781000,2
2024-06-28 11:00:00,724040001,2535000,2830000,1
2024-06-28 12:00:00,380010004,800000,900000,1
2024-07-01 10:15:00,724500001,53400000,52300000,2
2024-07-01 10:45:00,380500001,44500000,45700000,1
2024-07-01 10:50:00,250500001,45300000,45400000,1
2024-07-01 10:55:00,276500001,43400000,43500000,1
2024-07-01 11:00:00,999500001,45600000,45800000,1
2024-07-01 15:00:00,276010021,2100000,2200000,1
2024-07-01 15:00:00,276010022,0,200000,1
2024-07-02 10:00:00,724050001,-37853000,-46783000,1
2024-07-02 11:00:00,380010022,7100000,6800000,1
2024-07-02 12:00:00,999030010,900000,300000,2
2024-07-02 12:00:00,999030011,600000,200000,2
2024-07-02 12:00:00,999030012,2800000,2900000,1
2024-07-02 12:00:00,999030013,2600000,2500000,2
2024-07-02 12:00:00,999030020,6300000,6400000,2
2024-07-02 12:00:00,999030024,300000,400000,1
2024-07-02 12:00:00,380010024,10100000,8800000,2
2024-07-03 10:15:00,724500002,55600000,56800000,1
2024-07-03 10:45:00,380500002,52600000,53700000,1
2024-07-03 10:50:00,250500003,48200000,48800000,1
2024-07-03 10:55:00,276500002,53500000,53100000,2
2024-07-03 10:55:00,276500003,50600000,50400000,2
2024-07-03 11:00:00,999500002,52600000,52800000,1
2024-07-03 11:00:00,999500003,50800000,50900000,1
2024-07-03 12:00:00,999030005,-600000,-200000,1
2024-07-03 12:00:00,999030006,-5600000,-4200000,1
2024-07-04 09:00:00,276010018,-600000,-1600000,2
2024-07-04 09:00:00,276010019,-3100000,-8600000,2
2024-07-05 09:00:00,276010010,500000,-2500000,2
2024-07-05 09:00:00,276010011,-2600000,-6700000,2
2024-07-05 09:45:00,250050003,-8962000,-7987000,1
2024-07-05 09:45:00,250010009,-100000,-2100000,2
2024-07-05 10:00:00,724010007,100000,400000,1
2024-07-05 11:00:00,380010014,0,400000,1
2024-07-05 11:00:00,380010015,-2300000,400000,1
2024-07-05 12:00:00,999030003,-1900000,100000,1
2024-07-05 12:00:00,999030004,500000,300000,2
2024-07-05 13:30:00,724030001,81600000,83800000,1
2024-07-08 09:00:00,276010001,-4200000,-3600000,1
2024-07-08 09:00:00,276010002,900000,-6600000,1
2024-07-08 09:00:00,276010007,20200000,24900000,1
2024-07-08 09:00:00,276010025,19400000,22000000,1
2024-07-08 11:30:00,999060001,-20300000,-73000000,2
2024-07-10 11:00:00,380010005,-200000,500000,1
2024-07-12 09:00:00,276010012,0,-300000,2
2024-07-12 09:00:00,276010013,100000,-600000,2
2024-07-12 09:45:00,250010001,0,100000,1
2024-07-12 09:45:00,250010002,2100000,2200000,1
2024-07-12 09:45:00,250010003,100000,200000,1
2024-07-12 10:00:00,724010001,300000,400000,1
2024-07-12 10:00:00,724010003,300000,400000,1
2024-07-12 10:00:00,724010004,3500000,3600000,1
2024-07-12 15:30:00,276010024,29900000,18500000,2
2024-07-15 12:00:00,999030007,-100000,-600000,2
2024-07-15 12:00:00,999030008,-1600000,-2900000,2
2024-07-16 09:45:00,250030001,-2000000,-3100000,2
2024-07-16 11:00:00,380010025,100000,0,2
2024-07-16 11:00:00,380010026,2000000,800000,2
2024-07-16 12:00:00,380010007,4831000,6430000,1
2024-07-16 12:00:00,999030018,18900000,12300000,2
2024-07-16 12:00:00,999030019,20500000,13900000,2
2024-07-16 12:05:00,276070001,43800000,41800000,2
2024-07-16 12:05:00,276070002,-65600000,-68900000,2
2024-07-16 12:05:00,999050001,49500000,43700000,2
2024-07-17 12:00:00,999030010,300000,400000,1
2024-07-17 12:00:00,999030021,400000,200000,2
2024-07-17 12:00:00,999030022,3200000,2400000,2
2024-07-18 12:00:00,999030014,100000,-900000,2
2024-07-18 12:00:00,999030015,-300000,-2400000,2
2024-07-19 09:00:00,276010014,0,200000,1
2024-07-19 09:00:00,276010015,-1900000,-1600000,1
2024-07-19 11:00:00,999010016,36500000,36700000,1
2024-07-19 11:00:00,724070001,-3198000,-2349000,1
2024-07-23 14:00:00,724030001,94200000,88400000,2
2024-07-24 09:00:00,276040001,-19900000,-18400000,1
2024-07-24 10:00:00,724010008,-6900000,-3500000,1
2024-07-24 10:15:00,250500002,47300000,50700000,1
2024-07-24 10:15:00,250500003,47000000,49500000,1
2024-07-24 10:30:00,276500001,42800000,42600000,2
2024-07-24 10:30:00,276500002,52200000,52000000,2
2024-07-24 10:30:00,276500003,49200000,48700000,2
2024-07-24 11:00:00,999500001,45300000,45600000,1
2024-07-24 11:00:00,999500002,52300000,51900000,2
2024-07-24 11:00:00,999500003,49800000,50100000,1
2024-07-25 01:00:00,250040001,2819300000,2834500000,2
2024-07-25 09:45:00,250010013,99000000,95000000,2
2024-07-25 11:00:00,999010018,2400000,2200000,2
2024-07-25 11:00:00,999010027,900000,1100000,1
2024-07-25 11:30:00,276030001,88300000,86900000,2
2024-07-25 11:30:00,276030002,88500000,87100000,2
2024-07-26 09:45:00,250010007,88000000,91000000,1
2024-07-26 10:00:00,724010009,-100000,300000,1
2024-07-26 10:00:00,724010010,12810000,11270000,1
2024-07-26 11:00:00,380010018,86500000,87600000,1
2024-07-26 11:00:00,380010019,95800000,98900000,1
2024-07-30 08:30:00,250010005,200000,300000,1
2024-07-30 08:30:00,250010006,1000000,1100000,1
2024-07-30 08:30:00,250010008,800000,-500000,2
2024-07-30 10:00:00,724010001,200000,-500000,2
2024-07-30 10:00:00,724010002,3000000,2800000,2
2024-07-30 10:00:00,724010003,300000,-700000,2
2024-07-30 10:00:00,724010004,3500000,2900000,2
2024-07-30 10:00:00,724010005,300000,800000,1
2024-07-30 10:00:00,724010006,1900000,2900000,1
2024-07-30 11:00:00,380010021,400000,900000,1
2024-07-30 11:00:00,276010008,100000,-100000,2
2024-07-30 11:00:00,276010009,-400000,300000,1
2024-07-30 12:00:00,999040003,-9700000,-10500000,2
2024-07-30 12:00:00,999040004,8300000,4800000,2
2024-07-30 12:00:00,999040005,95300000,95800000,1
2024-07-30 12:00:00,999040007,14400000,11200000,2
2024-07-30 12:00:00,999040008,6300000,6800000,1
2024-07-30 12:00:00,999030016,200000,300000,1
2024-07-30 12:00:00,999030017,400000,600000,1
2024-07-30 14:02:00,724080001,-4100000,-4200000,2
2024-07-30 15:00:00,276010020,0,300000,1
2024-07-30 15:00:00,276010021,2200000,2300000,1
2024-07-30 15:00:00,276010022,-100000,500000,1
2024-07-30 15:00:00,276010023,2500000,2600000,1
2024-07-31 09:00:00,276010003,-400000,1200000,2
2024-07-31 09:00:00,276010004,-9200000,-11000000,1
2024-07-31 09:00:00,276010005,-200000,300000,1
2024-07-31 09:00:00,276010006,-700000,-2600000,2
2024-07-31 09:45:00,250010001,0,100000,1
2024-07-31 09:45:00,250010002,1700000,2300000,1
2024-07-31 09:45:00,250010003,0,100000,1
2024-07-31 09:45:00,250010004,2300000,2600000,1
2024-07-31 10:55:00,276060001,12000000,18000000,2
2024-07-31 10:55:00,276060003,2761000,2809000,2
2024-07-31 10:55:00,276060004,2789000,2802000,2
2024-07-31 11:00:00,724040001,2780000,5560000,1
2024-07-31 12:00:00,380010001,100000,500000,1
2024-07-31 12:00:00,380010002,800000,1300000,1
2024-07-31 12:00:00,380010003,-600000,-800000,2
2024-07-31 12:00:00,380010004,900000,1700000,1
2024-07-31 12:00:00,999030010,-300000,-200000,1
2024-07-31 12:00:00,999030011,-400000,0,1
2024-07-31 12:00:00,999030012,2800000,2900000,1
2024-07-31 12:00:00,999030013,2500000,2600000,1
2024-07-31 12:00:00,999030024,0,-100000,2
2024-07-31 13:00:00,380010016,-600000,700000,1
2024-07-31 13:00:00,380010017,1000000,-2500000,2
2024-08-01 10:15:00,724500001,53400000,51000000,2
2024-08-01 10:45:00,380500001,46400000,47400000,1
2024-08-01 10:50:00,250500001,44100000,44000000,2
2024-08-01 10:55:00,276500001,42600000,43200000,1
2024-08-01 11:00:00,999500001,45600000,45800000,1
2024-08-01 12:00:00,999030020,6400000,6500000,2
2024-08-02 09:45:00,250010009,-1400000,800000,1
2024-08-02 10:00:00,724050001,6245000,-10830000,1
2024-08-02 11:00:00,380010005,700000,500000,2
2024-08-02 11:00:00,380010006,-2400000,-2600000,2
2024-08-02 12:00:00,380010014,100000,-200000,2
2024-08-02 12:00:00,380010015,0,-1000000,2
2024-08-05 10:15:00,724500002,55300000,53900000,2
2024-08-05 10:45:00,380500002,52500000,51700000,2
2024-08-05 10:50:00,250500002,50700000,50100000,2
2024-08-05 10:50:00,250500003,49500000,49100000,2
2024-08-05 10:55:00,276500002,52000000,52500000,1
2024-08-05 10:55:00,276500003,48700000,52500000,1
2024-08-05 11:00:00,999500003,50100000,50200000,1
2024-08-05 11:30:00,999060001,-34300000,-139000000,2
2024-08-05 12:00:00,999030005,-500000,500000,1
2024-08-05 12:00:00,999030006,-3800000,-3200000,1
2024-08-06 09:00:00,276010018,400000,3900000,1
2024-08-06 09:00:00,276010019,-2800000,-11800000,2
2024-08-06 09:45:00,250010012,200000,0,2
2024-08-06 12:00:00,999030003,0,-300000,2
2024-08-06 12:00:00,999030004,0,-300000,2
2024-08-07 09:00:00,276010010,-400000,1400000,1
2024-08-07 09:00:00,276010011,-5500000,-4100000,1
2024-08-07 09:00:00,276010001,2300000,-3400000,2
2024-08-07 09:00:00,276010002,-3200000,300000,2
2024-08-07 09:00:00,276010007,23900000,20400000,2
2024-08-07 09:00:00,276010025,35300000,22200000,2
2024-08-07 09:45:00,250050003,-8550000,-6088000,1
2024-08-09 08:30:00,250010014,7100000,7300000,2
2024-08-09 11:00:00,380010001,500000,400000,2
2024-08-09 11:00:00,380010003,-800000,-900000,2
2024-08-09 11:00:00,380010004,1700000,1600000,2
2024-08-09 11:00:00,380010025,100000,400000,1
2024-08-09 11:00:00,380010026,2300000,1100000,2
2024-08-09 12:00:00,380010007,5140000,5065000,2
2024-08-12 09:00:00,276010012,-100000,300000,1
2024-08-12 09:00:00,276010013,-1400000,-100000,1
2024-08-12 15:30:00,276010024,26300000,23200000,2
2024-08-13 12:05:00,276070001,32100000,19200000,2
2024-08-13 12:05:00,276070002,-62900000,-77300000,2
2024-08-13 12:05:00,999050001,41100000,17900000,2
2024-08-14 09:45:00,250010001,100000,200000,1
2024-08-14 09:45:00,250010003,100000,200000,1
2024-08-14 09:45:00,250010004,2600000,2700000,1
2024-08-14 12:00:00,999030002,1000000,800000,2
2024-08-14 12:00:00,999030007,0,-100000,2
2024-08-14 12:00:00,999030008,-3700000,-3900000,2
2024-08-16 12:00:00,999030018,16800000,17500000,1
2024-08-16 12:00:00,999030019,18300000,22300000,1
2024-08-19 11:00:00,724070001,-3081000,-713000,1
2024-08-20 09:00:00,276010014,100000,200000,1
2024-08-20 09:00:00,276010015,-600000,-800000,2
2024-08-20 11:00:00,999010016,36300000,50500000,1
2024-08-20 11:00:00,999010017,20500000,52400000,1
2024-08-20 12:00:00,999030014,0,1700000,1
2024-08-20 12:00:00,999030015,-900000,1000000,1
2024-08-20 12:00:00,999030021,-400000,0,1
2024-08-20 12:00:00,999030022,2100000,2500000,1
2024-08-22 10:15:00,250500001,44900000,42100000,2
2024-08-22 10:15:00,250500002,48800000,55000000,1
2024-08-22 10:15:00,250500003,48100000,52700000,1
2024-08-22 10:30:00,276500001,43800000,42100000,2
2024-08-22 10:30:00,276500002,52600000,51400000,2
2024-08-22 10:30:00,276500003,52000000,48500000,2
2024-08-22 11:00:00,999500002,51500000,53300000,1
2024-08-22 11:00:00,999500003,49800000,51200000,1
2024-08-22 17:00:00,999040006,-12500000,-13400000,2
2024-08-23 09:45:00,250010013,97000000,99000000,1
2024-08-26 10:00:00,724010008,-4100000,-1400000,1
2024-08-26 11:30:00,276030001,85100000,86800000,1
2024-08-26 11:30:00,276030002,87100000,86500000,2
2024-08-26 11:30:00,276030003,85400000,86600000,1
2024-08-27 09:00:00,276040001,-18000000,-22000000,2
2024-08-28 01:00:00,250040001,2815700000,2808400000,1
2024-08-28 09:45:00,250010007,93000000,92000000,2
2024-08-28 11:00:00,999010018,2500000,2300000,2
2024-08-28 11:00:00,999010019,400000,500000,1
2024-08-28 11:00:00,999010026,1000000,600000,2
2024-08-28 11:00:00,999010027,1000000,1300000,1
2024-08-28 11:00:00,380010012,300000,100000,2
2024-08-28 11:00:00,380010013,-4000000,-3700000,1
2024-08-29 10:00:00,724010001,-100000,0,1
2024-08-29 10:00:00,724010002,2600000,2200000,2
2024-08-29 10:00:00,724010003,-300000,0,1
2024-08-29 10:00:00,724010004,2800000,2400000,2
2024-08-29 12:00:00,999040003,-9800000,-9700000,1
2024-08-29 12:00:00,999040004,4300000,6300000,1
2024-08-29 12:00:00,999040005,95500000,96600000,1
2024-08-29 12:00:00,999040006,-13400000,-13500000,2
2024-08-29 12:00:00,999040007,12200000,11300000,2
2024-08-29 12:00:00,999040008,6500000,6100000,2
2024-08-29 12:00:00,999040002,-440000,-620000,2
2024-08-29 13:57:00,724080001,-5100000,-3600000,1
2024-08-29 15:00:00,276010020,400000,-100000,2
2024-08-29 15:00:00,276010021,2300000,1900000,2
2024-08-29 15:00:00,276010022,200000,-200000,2
2024-08-29 15:00:00,276010023,2600000,2000000,2
2024-08-30 09:00:00,276010003,600000,100000,1
2024-08-30 09:00:00,276010004,-10300000,-9500000,2
2024-08-30 09:00:00,276010005,0,100000,1
2024-08-30 09:00:00,276010006,-1600000,-1100000,1
2024-08-30 09:45:00,250010001,500000,600000,1
2024-08-30 09:45:00,250010002,2300000,1900000,2
2024-08-30 09:45:00,250010003,500000,600000,1
2024-08-30 09:45:00,250010004,2600000,2200000,2
2024-08-30 09:45:00,250010005,300000,200000,2
2024-08-30 09:45:00,250010006,1100000,1000000,2
2024-08-30 09:45:00,250010008,200000,300000,1
2024-08-30 09:45:00,250010010,-400000,200000,1
2024-08-30 10:00:00,724010009,-200000,1000000,1
2024-08-30 10:55:00,276060001,14000000,2000000,1
2024-08-30 10:55:00,276060003,2842000,2872000,2
2024-08-30 10:55:00,276060004,2813000,2801000,1
2024-08-30 11:00:00,380010022,7000000,6500000,1
2024-08-30 11:00:00,724040001,3023000,5020000,1
2024-08-30 12:00:00,380010001,300000,200000,2
2024-08-30 12:00:00,380010002,1300000,1100000,2
2024-08-30 12:00:00,380010003,-400000,-100000,1
2024-08-30 12:00:00,999030010,-200000,300000,1
2024-08-30 12:00:00,999030011,300000,200000,2
2024-08-30 12:00:00,999030012,2900000,2800000,2
2024-08-30 12:00:00,999030013,2600000,2200000,2
2024-08-30 12:00:00,999030020,6500000,6400000,1
2024-08-30 12:00:00,999030024,200000,300000,1
2024-08-30 12:00:00,999030025,2700000,2800000,1
2024-08-30 13:00:00,380010018,86500000,87100000,1
2024-08-30 13:00:00,380010019,97900000,96100000,2
2024-09-02 10:15:00,724500001,50700000,50500000,2
2024-09-02 10:45:00,380500001,48800000,49400000,1
2024-09-02 10:50:00,250500001,42100000,43900000,1
2024-09-02 10:55:00,276500001,42100000,42400000,1
2024-09-02 11:00:00,999500001,45600000,45800000,1
2024-09-02 12:00:00,380010016,0,1300000,1
2024-09-02 12:00:00,380010017,600000,-1100000,2
2024-09-03 10:00:00,724050001,27843000,21884000,1
2024-09-04 10:15:00,724500002,53900000,54600000,1
2024-09-04 10:45:00,380500002,51900000,51400000,2
2024-09-04 10:50:00,250500003,52700000,53100000,1
2024-09-04 10:55:00,276500002,51400000,51200000,2
2024-09-04 10:55:00,276500003,48500000,48400000,2
2024-09-04 11:00:00,999500002,53300000,52900000,2
2024-09-04 11:00:00,999500003,51200000,51000000,2
2024-09-04 12:00:00,999030005,300000,800000,1
2024-09-04 12:00:00,999030006,-1700000,-2100000,2
2024-09-05 09:00:00,276010018,-2300000,2900000,1
2024-09-05 09:00:00,276010019,-3400000,3700000,1
2024-09-05 12:00:00,999030003,0,100000,1
2024-09-05 12:00:00,999030004,-500000,-100000,1
2024-09-05 13:30:00,724030001,92700000,89400000,2
2024-09-06 09:00:00,276010010,-100000,-2400000,2
2024-09-06 09:00:00,276010011,-5000000,-5300000,2
2024-09-06 09:00:00,276010001,3200000,1700000,2
2024-09-06 09:00:00,276010002,3400000,5400000,2
2024-09-06 09:00:00,276010007,22000000,16800000,2
2024-09-06 09:00:00,276010025,24200000,20700000,2
2024-09-06 09:45:00,250050003,-7184000,-5884000,1
2024-09-06 09:45:00,250010009,600000,-500000,2
2024-09-06 11:00:00,380010014,-300000,500000,1
2024-09-06 11:00:00,380010015,-200000,1000000,1
2024-09-09 11:30:00,999060001,-71500000,-15400000,1
2024-09-10 10:00:00,724010007,1100000,-400000,2
2024-09-10 11:00:00,380010005,0,-900000,2
2024-09-10 11:00:00,380010006,-2600000,-3300000,2
2024-09-12 09:00:00,276010012,-100000,-800000,2
2024-09-12 09:00:00,276010013,700000,-1100000,2
2024-09-12 10:00:00,724010002,2200000,2300000,1
2024-09-12 11:00:00,380010023,7300000,6800000,1
2024-09-12 15:30:00,276010024,25600000,16000000,2
2024-09-13 09:45:00,250010001,600000,500000,2
2024-09-13 09:45:00,250010002,1900000,1800000,2
2024-09-13 12:00:00,999030007,100000,-300000,2
2024-09-13 12:00:00,999030008,-3600000,-2200000,1
2024-09-16 11:00:00,380010003,-100000,-200000,2
2024-09-16 11:00:00,380010004,1300000,1200000,2
2024-09-16 11:00:00,380010025,200000,100000,2
2024-09-16 11:00:00,380010026,2600000,800000,2
2024-09-16 12:00:00,380010007,5353000,6743000,1
2024-09-16 12:00:00,999030009,4500000,4700000,1
2024-09-16 12:00:00,999030018,16400000,15500000,2
2024-09-16 12:00:00,999030019,19100000,21200000,1
2024-09-16 12:00:00,999030023,4900000,4500000,2
2024-09-17 12:05:00,276070001,12500000,3600000,2
2024-09-17 12:05:00,276070002,-80800000,-84500000,2
2024-09-17 12:05:00,999050001,7500000,9300000,1
2024-09-18 12:00:00,999030011,200000,100000,2
2024-09-18 12:00:00,999030014,-200000,0,1
2024-09-18 12:00:00,999030015,300000,-2200000,2
2024-09-18 12:00:00,999030021,600000,100000,2
2024-09-18 12:00:00,999030022,3300000,2000000,2
2024-09-19 11:00:00,999010016,43100000,39600000,2
2024-09-19 11:00:00,999010017,41300000,48000000,1
2024-09-20 09:00:00,276010014,100000,200000,1
2024-09-20 09:00:00,276010015,-100000,-800000,2
2024-09-20 09:45:00,250010013,97000000,99000000,1
2024-09-20 11:00:00,724070001,-2637000,-3214000,2
2024-09-20 17:00:00,999040006,-12600000,-12900000,2
2024-09-23 10:15:00,250500001,44700000,44000000,2
2024-09-23 10:15:00,250500002,53200000,48300000,2
2024-09-23 10:15:00,250500003,53900000,47400000,2
2024-09-23 10:30:00,276500001,43300000,40300000,2
2024-09-23 10:30:00,276500002,51100000,50600000,2
2024-09-23 10:30:00,276500003,49000000,47200000,2
2024-09-23 11:00:00,999500001,45300000,44800000,2
2024-09-23 11:00:00,999500002,53400000,50500000,2
2024-09-23 11:00:00,999500003,51900000,48900000,2
2024-09-24 11:30:00,276030001,87700000,86300000,2
2024-09-24 11:30:00,276030002,85600000,84400000,2
2024-09-24 11:30:00,276030003,88300000,85400000,2
2024-09-25 01:00:00,250040001,2824700000,2795700000,1
2024-09-25 09:45:00,250010007,93000000,95000000,1
2024-09-25 10:00:00,724010008,-2400000,-1300000,1
2024-09-26 09:00:00,276040001,-18300000,-21200000,2
2024-09-26 10:00:00,724010009,800000,2300000,1
2024-09-26 11:00:00,999010018,2500000,2900000,1
2024-09-26 11:00:00,999010027,1300000,1600000,1
2024-09-26 11:00:00,380010018,87600000,86700000,2
2024-09-26 11:00:00,380010019,98800000,98300000,2
2024-09-27 09:45:00,250010001,100000,-1200000,2
2024-09-27 09:45:00,250010002,1700000,1200000,2
2024-09-27 09:45:00,250010003,300000,-1200000,2
2024-09-27 09:45:00,250010004,2300000,1500000,2
2024-09-27 09:45:00,250010008,0,200000,1
2024-09-27 09:45:00,250010010,-400000,200000,1
2024-09-27 10:00:00,724010001,0,-600000,2
2024-09-27 10:00:00,724010002,2000000,1500000,2
2024-09-27 10:00:00,724010003,800000,-100000,2
2024-09-27 10:00:00,724010004,2200000,1700000,2
2024-09-27 10:00:00,724010006,2900000,3100000,1
2024-09-27 10:55:00,276060001,9000000,17000000,2
2024-09-27 10:55:00,276060003,2846000,2806000,1
2024-09-27 10:55:00,276060004,2812000,2823000,2
2024-09-27 11:00:00,380010012,-1200000,-400000,1
2024-09-27 11:00:00,380010013,-5700000,-4700000,1
2024-09-27 12:00:00,999040003,-10100000,-10900000,2
2024-09-27 12:00:00,999040004,4700000,6700000,1
2024-09-27 12:00:00,999040005,96900000,96200000,2
2024-09-27 12:00:00,999040007,11900000,10900000,2
2024-09-27 12:00:00,999040008,6500000,6200000,2
2024-09-27 12:00:00,380010016,300000,700000,1
2024-09-27 12:00:00,380010017,2000000,-800000,2
2024-09-27 12:00:00,999040002,-660000,-760000,2
2024-09-30 09:00:00,276010003,300000,-500000,1
2024-09-30 09:00:00,276010004,-10000000,-7200000,2
2024-09-30 09:00:00,276010005,100000,-300000,2
2024-09-30 09:00:00,276010006,-1500000,-1200000,1
2024-09-30 11:00:00,724040001,3525000,5790000,1
2024-09-30 12:00:00,380010002,900000,700000,2
2024-09-30 12:00:00,380010003,100000,1200000,1
2024-09-30 12:00:00,380010004,1100000,800000,2
2024-09-30 15:00:00,276010020,-300000,0,1
2024-09-30 15:00:00,276010021,1700000,1600000,2
2024-09-30 15:00:00,276010022,200000,-100000,2
2024-09-30 15:00:00,276010023,1600000,1800000,1
2024-10-01 10:15:00,724500001,49100000,53000000,1
2024-10-01 10:45:00,380500001,50000000,48300000,2
2024-10-01 10:50:00,250500001,44000000,44600000,1
2024-10-01 10:55:00,276500001,40300000,40600000,1
2024-10-01 11:00:00,999500001,44800000,45000000,1
2024-10-01 12:00:00,999030010,800000,100000,2
2024-10-01 12:00:00,999030011,200000,-100000,2
2024-10-01 12:00:00,999030012,2800000,2700000,2
2024-10-01 12:00:00,999030013,2000000,1800000,2
2024-10-01 12:00:00,999030024,500000,100000,2
2024-10-01 12:00:00,999030025,2800000,2700000,2
2024-10-02 10:00:00,724050001,-185000,3164000,2
2024-10-02 11:00:00,380010022,6900000,6200000,1
2024-10-03 10:15:00,724500002,53800000,57000000,1
2024-10-03 10:45:00,380500002,51200000,50500000,2
2024-10-03 10:50:00,250500002,48300000,49600000,1
2024-10-03 10:50:00,250500003,47400000,48600000,1
2024-10-03 10:55:00,276500002,50600000,47500000,2
2024-10-03 10:55:00,276500003,47200000,47500000,1
2024-10-03 11:00:00,999500002,50500000,51400000,1
2024-10-03 11:00:00,999500003,48900000,49600000,1
2024-10-03 12:00:00,999030005,800000,600000,2
2024-10-03 12:00:00,999030006,-300000,-2300000,2
2024-10-04 09:45:00,250010009,-200000,1400000,1
2024-10-04 10:00:00,724010007,300000,-100000,2
2024-10-04 11:00:00,380010024,5400000,3400000,2
2024-10-04 13:00:00,380010014,100000,-500000,2
2024-10-04 13:00:00,380010015,-700000,800000,1
2024-10-07 09:00:00,276010018,200000,-5800000,2
2024-10-07 09:00:00,276010019,-2700000,-3900000,2
2024-10-07 11:30:00,999060001,-42800000,-138000000,2
2024-10-07 12:00:00,999030003,0,200000,1
2024-10-07 12:00:00,999030004,400000,800000,1
2024-10-08 09:00:00,276010010,200000,2900000,1
2024-10-08 09:00:00,276010011,-4800000,-2700000,1
2024-10-08 09:45:00,250050003,-6796000,-7371000,2
2024-10-09 09:00:00,276010001,3400000,1300000,2
2024-10-09 09:00:00,276010002,-900000,-3400000,1
2024-10-09 09:00:00,276010007,19000000,22500000,1
2024-10-09 09:00:00,276010025,23300000,18800000,2
2024-10-10 09:00:00,276010016,-900000,1600000,1
2024-10-10 09:00:00,276010017,-1700000,2100000,1
2024-10-10 11:00:00,380010005,-400000,100000,1
2024-10-10 11:00:00,380010006,-2500000,-3200000,2
2024-10-11 15:30:00,276010024,19900000,14400000,2
2024-10-15 09:00:00,276010012,-100000,-300000,2
2024-10-15 09:00:00,276010013,-1900000,-1600000,1
2024-10-15 09:45:00,250010002,1200000,1100000,2
2024-10-15 09:45:00,250010003,-1200000,-1300000,2
2024-10-15 09:45:00,250010004,1500000,1400000,2
2024-10-15 12:00:00,999030007,300000,1800000,1
2024-10-15 12:00:00,999030008,-100000,100000,1
2024-10-15 12:05:00,276070001,5800000,13100000,1
2024-10-15 12:05:00,276070002,-92500000,-86900000,1
2024-10-15 12:05:00,999050001,21300000,20100000,2
2024-10-16 11:00:00,380010004,800000,700000,2
2024-10-16 11:00:00,380010025,200000,-100000,2
2024-10-16 11:00:00,380010026,1000000,600000,2
2024-10-17 12:00:00,380010007,5109000,1431000,2
2024-10-17 12:00:00,999030013,1800000,1700000,2
2024-10-17 12:00:00,999030018,12700000,11000000,2
2024-10-17 12:00:00,999030019,16600000,4600000,2
2024-10-17 12:00:00,999030021,400000,-100000,2
2024-10-17 12:00:00,999030022,1100000,1600000,1
2024-10-17 12:00:00,999030024,100000,0,2
2024-10-18 11:00:00,999010016,41600000,31500000,2
2024-10-18 11:00:00,999010017,26100000,35200000,1
2024-10-18 11:00:00,724070001,-1658000,-4763000,2
2024-10-18 12:00:00,999030014,200000,100000,2
2024-10-18 12:00:00,999030015,-1400000,-2500000,2
2024-10-21 09:00:00,276010014,100000,-500000,2
2024-10-21 09:00:00,276010015,-400000,-1400000,2
2024-10-23 17:00:00,999040006,-12400000,-12500000,2
